{"test/accuracy":0.6660000085830688,"train/global_step":10080,"eval/ece":0.30719247460365295,"eval/samples_per_second":83.997,"train/learning_rate":1.2190283144031256e-12,"test/runtime":6.0693,"_runtime":3300,"test/ece":0.30719247460365295,"total_flos":0,"train_loss":0.5265341064837273,"train/val_loss":2.6002488136291504,"_timestamp":1.7747712286444745e+09,"eval/nll":2.6002488136291504,"train/loss":0.1254,"train_samples_per_second":26.764,"eval/steps_per_second":20.999,"train/val_steps_per_second":20.675,"test/steps_per_second":20.595,"test/nll":2.6002488136291504,"eval/accuracy":0.6660000085830688,"train_steps_per_second":6.691,"eval/runtime":5.9526,"_wandb":{"runtime":3300},"eval/loss":2.6002488136291504,"train/grad_norm":0.02058456465601921,"train/val_nll":2.6002488136291504,"_step":1035,"train/val_accuracy":0.6660000085830688,"train/epoch":8.129032258064516,"test/samples_per_second":82.382,"train/val_samples_per_second":82.698,"train/val_runtime":6.0461,"test/loss":2.6002488136291504,"train_runtime":1506.4925,"train/val_ece":0.30719247460365295}