{"eval/runtime":13.5983,"test/accuracy":0.7638603448867798,"train/val_loss":3.2811777591705322,"train/val_samples_per_second":70.977,"_timestamp":1.774587371707764e+09,"eval/ece":0.22959794104099274,"train_runtime":5174.2008,"_wandb":{"runtime":10353},"test/ece":0.22959794104099274,"train/global_step":30000,"train/val_steps_per_second":17.781,"train_samples_per_second":23.192,"_step":3037,"train/epoch":13.686131386861314,"train/val_nll":3.2811777591705322,"test/samples_per_second":70.87,"train/loss":0,"test/nll":3.2811777591705322,"eval/steps_per_second":17.943,"train/val_accuracy":0.7638603448867798,"eval/accuracy":0.7638603448867798,"test/runtime":13.7434,"train/val_runtime":13.7227,"train/learning_rate":1.3726079162168503e-13,"eval/nll":3.2811777591705322,"_runtime":10353,"eval/loss":3.2811777591705322,"eval/samples_per_second":71.627,"train_loss":0.21437399795582487,"test/steps_per_second":17.754,"train/grad_norm":0.00047726836055517197,"train_steps_per_second":5.798,"test/loss":3.2811777591705322,"total_flos":0,"train/val_ece":0.22959794104099274}