{"train_runtime":4580.7232,"train/val_nll":4.178630352020264,"test/steps_per_second":20.307,"train/learning_rate":1.3726079162168503e-13,"eval/nll":4.178630352020264,"test/accuracy":0.6160164475440979,"_timestamp":1.7747808409905794e+09,"test/samples_per_second":81.061,"test/nll":4.178630352020264,"train/val_runtime":12.0468,"eval/runtime":11.7804,"test/loss":4.178630828857422,"_step":3037,"train/val_steps_per_second":20.254,"train/epoch":13.686131386861314,"train_samples_per_second":26.197,"train/val_accuracy":0.6160164475440979,"eval/ece":0.3654025197029114,"train/val_loss":4.178630828857422,"train_steps_per_second":6.549,"train_loss":0.3959056536858407,"test/ece":0.3654025197029114,"eval/steps_per_second":20.712,"_runtime":9885,"train/grad_norm":0.005636375863105059,"train/val_samples_per_second":80.851,"_wandb":{"runtime":9885},"train/val_ece":0.3654025197029114,"eval/samples_per_second":82.68,"test/runtime":12.0156,"train/loss":0.0644,"total_flos":0,"eval/loss":4.178630828857422,"eval/accuracy":0.6160164475440979,"train/global_step":30000}