{"test/ece":0.1740758866071701,"_wandb":{"runtime":3575},"train/val_steps_per_second":17.576,"eval/steps_per_second":17.762,"eval/ece":0.1740758866071701,"train/epoch":8.129032258064516,"train/val_ece":0.1740758866071701,"_step":1035,"eval/nll":1.475460171699524,"train/val_runtime":7.1119,"train/learning_rate":1.2190283144031256e-12,"test/runtime":7.1417,"eval/runtime":7.0375,"train/val_accuracy":0.8159999847412109,"train/val_samples_per_second":70.304,"train/global_step":10080,"test/nll":1.475460171699524,"train/grad_norm":0.005625471938401461,"train_runtime":1770.8711,"test/steps_per_second":17.503,"test/samples_per_second":70.011,"_timestamp":1.774605415760232e+09,"train_loss":0.29174524421540565,"_runtime":3575,"eval/accuracy":0.8159999847412109,"eval/samples_per_second":71.048,"eval/loss":1.475460171699524,"train/val_nll":1.475460171699524,"total_flos":0,"train/val_loss":1.475460171699524,"train/loss":0.0004,"test/accuracy":0.8159999847412109,"test/loss":1.475460171699524,"train_steps_per_second":5.692,"train_samples_per_second":22.768}