{"_step":3037,"train/learning_rate":1.3726079162168503e-13,"train/val_runtime":11.9189,"eval/steps_per_second":20.755,"eval/loss":4.178630828857422,"train/loss":0.0644,"eval/nll":4.178630352020264,"train/val_accuracy":0.6160164475440979,"eval/accuracy":0.6160164475440979,"test/runtime":11.9684,"total_flos":0,"eval/runtime":11.7559,"train/global_step":30000,"_wandb":{"runtime":9884},"train/grad_norm":0.005636375863105059,"train/val_nll":4.178630352020264,"_runtime":9884,"train/val_steps_per_second":20.472,"test/nll":4.178630352020264,"train_steps_per_second":6.573,"eval/ece":0.3654025197029114,"test/accuracy":0.6160164475440979,"test/steps_per_second":20.387,"train/epoch":13.686131386861314,"test/loss":4.178630828857422,"train_samples_per_second":26.292,"train/val_loss":4.178630828857422,"test/ece":0.3654025197029114,"test/samples_per_second":81.381,"train_runtime":4564.0797,"train_loss":0.3959056536858407,"train/val_ece":0.3654025197029114,"train/val_samples_per_second":81.719,"_timestamp":1.7747413027267938e+09,"eval/samples_per_second":82.852}