{"train/learning_rate":1.2190283144031256e-12,"train_loss":0.5265341064837273,"train/val_nll":2.6002488136291504,"eval/loss":2.6002488136291504,"test/accuracy":0.6660000085830688,"eval/steps_per_second":21.055,"eval/ece":0.30719247460365295,"train/epoch":8.129032258064516,"train/global_step":10080,"train_steps_per_second":6.639,"total_flos":0,"test/runtime":6.1128,"train_samples_per_second":26.554,"_runtime":3320,"eval/accuracy":0.6660000085830688,"train/val_steps_per_second":20.592,"eval/samples_per_second":84.22,"train/val_runtime":6.0703,"train/val_accuracy":0.6660000085830688,"test/nll":2.6002488136291504,"train/val_loss":2.6002488136291504,"test/ece":0.30719247460365295,"train/grad_norm":0.02058456465601921,"test/samples_per_second":81.796,"_step":1035,"_timestamp":1.7747812334838367e+09,"_wandb":{"runtime":3320},"eval/nll":2.6002488136291504,"eval/runtime":5.9369,"train_runtime":1518.3885,"train/val_samples_per_second":82.369,"test/steps_per_second":20.449,"test/loss":2.6002488136291504,"train/loss":0.1254,"train/val_ece":0.30719247460365295}