{"test/steps_per_second":17.584,"train/val_nll":3.140618324279785,"train/loss":0,"eval/runtime":13.6176,"train/epoch":13.686131386861314,"train/val_steps_per_second":17.613,"eval/ece":0.22501160204410553,"_step":3037,"eval/accuracy":0.7731006145477295,"train/grad_norm":7.377210567938164e-05,"test/samples_per_second":70.192,"test/ece":0.22501160204410553,"test/loss":3.140618085861206,"test/runtime":13.8762,"train_samples_per_second":23.169,"eval/loss":3.140618085861206,"train/val_runtime":13.853,"train/val_loss":3.140618085861206,"train/global_step":30000,"train/learning_rate":1.3726079162168503e-13,"eval/nll":3.140618324279785,"_runtime":10384,"train_runtime":5179.2879,"train/val_accuracy":0.7731006145477295,"train_steps_per_second":5.792,"eval/samples_per_second":71.525,"train_loss":0.20893102379668133,"total_flos":0,"_timestamp":1.7753172566691034e+09,"test/accuracy":0.7731006145477295,"eval/steps_per_second":17.918,"test/nll":3.140618324279785,"train/val_ece":0.22501160204410553,"_wandb":{"runtime":10384},"train/val_samples_per_second":70.309}