{"eval/nll":7.469650745391846,"eval/samples_per_second":81.859,"test/runtime":3.7043,"eval/runtime":3.6526,"eval/accuracy":0.5150501728057861,"train/val_steps_per_second":20.346,"eval/loss":7.469650745391846,"train/val_nll":7.469650745391846,"test/loss":7.469650745391846,"_runtime":3580,"train/global_step":10080,"eval/steps_per_second":20.533,"test/ece":0.4674781560897827,"train/val_samples_per_second":81.112,"train/loss":0,"train_loss":0.18707955055922784,"train/grad_norm":6.659857899649069e-05,"total_flos":0,"test/samples_per_second":80.716,"test/accuracy":0.5150501728057861,"train_samples_per_second":24.976,"train_steps_per_second":6.244,"_step":1089,"train/val_runtime":3.6863,"eval/ece":0.4674781560897827,"train/learning_rate":1.2190283144031256e-12,"_wandb":{"runtime":3580},"_timestamp":1.7747277724813957e+09,"train_runtime":1614.3245,"test/steps_per_second":20.247,"test/nll":7.469650745391846,"train/val_loss":7.469650745391846,"train/epoch":36,"train/val_accuracy":0.5150501728057861,"train/val_ece":0.4674781560897827}