{"train/val_loss":3.6036593914031982,"eval/nll":3.6036598682403564,"_timestamp":1.7752755919713788e+09,"train/learning_rate":1.3726079162168503e-13,"train/val_samples_per_second":70.731,"eval/samples_per_second":71.741,"total_flos":0,"train/val_steps_per_second":17.719,"train_steps_per_second":5.832,"train/global_step":30000,"eval/loss":3.6036593914031982,"train/val_nll":3.6036598682403564,"train/val_accuracy":0.7566735148429871,"train_runtime":5144.3838,"train_samples_per_second":23.326,"test/runtime":13.7894,"train_loss":0.20907010710740098,"eval/accuracy":0.7566735148429871,"test/samples_per_second":70.634,"train/epoch":13.686131386861314,"_wandb":{"runtime":10333},"train/loss":0,"test/loss":3.6036593914031982,"test/nll":3.6036598682403564,"test/steps_per_second":17.695,"eval/steps_per_second":17.972,"_runtime":10333,"train/val_ece":0.2371915578842163,"_step":3037,"eval/runtime":13.5767,"test/accuracy":0.7566735148429871,"train/val_runtime":13.7705,"train/grad_norm":1.1874972187797539e-06,"eval/ece":0.2371915578842163,"test/ece":0.2371915578842163}