{"eval/accuracy":0.6314496397972107,"_runtime":9737,"_step":3035,"train/epoch":12.31527093596059,"train/loss":0.0086,"eval/ece":0.35007303953170776,"train/val_steps_per_second":20.451,"train/global_step":30000,"train/val_ece":0.35007303953170776,"test/runtime":14.8256,"test/samples_per_second":82.357,"train/learning_rate":1.3726079162168503e-13,"train/val_loss":3.74528431892395,"train/val_accuracy":0.6314496397972107,"eval/samples_per_second":83.136,"test/steps_per_second":20.64,"eval/nll":3.74528431892395,"eval/loss":3.74528431892395,"_wandb":{"runtime":9737},"train/val_runtime":14.9627,"eval/steps_per_second":20.835,"test/loss":3.74528431892395,"eval/runtime":14.6868,"test/ece":0.35007303953170776,"train/val_nll":3.74528431892395,"test/nll":3.74528431892395,"train_loss":0.4219645600504106,"train/grad_norm":0.015159429050981998,"train_steps_per_second":6.687,"train_samples_per_second":26.747,"total_flos":0,"_timestamp":1.7742582599189148e+09,"train/val_samples_per_second":81.603,"test/accuracy":0.6314496397972107,"train_runtime":4486.5043}