{"train/epoch":8.129032258064516,"_runtime":3601,"_timestamp":1.775292695052219e+09,"train_loss":0.28859692392360314,"train/grad_norm":0.01187058538198471,"train/global_step":10080,"eval/nll":1.507481575012207,"train/val_steps_per_second":17.397,"eval/samples_per_second":71.054,"test/ece":0.17939002811908722,"train_runtime":1777.9653,"test/samples_per_second":70.38,"train/loss":0.0013,"total_flos":0,"train/val_accuracy":0.8059999942779541,"train/val_samples_per_second":69.589,"test/runtime":7.1043,"eval/runtime":7.0369,"eval/ece":0.17939002811908722,"test/nll":1.507481575012207,"eval/steps_per_second":17.763,"eval/loss":1.5074816942214966,"_wandb":{"runtime":3601},"train/val_nll":1.507481575012207,"train/learning_rate":1.2190283144031256e-12,"_step":1035,"test/steps_per_second":17.595,"train/val_runtime":7.1851,"eval/accuracy":0.8059999942779541,"train_samples_per_second":22.678,"test/accuracy":0.8059999942779541,"train_steps_per_second":5.669,"test/loss":1.5074816942214966,"train/val_loss":1.5074816942214966,"train/val_ece":0.17939002811908722}