{"_step":1035,"train_loss":0.5265341064837273,"train/val_loss":2.6002488136291504,"train/val_steps_per_second":20.469,"eval/samples_per_second":83.589,"eval/steps_per_second":20.897,"train_samples_per_second":26.424,"train/val_runtime":6.1068,"_wandb":{"runtime":3333},"test/loss":2.6002488136291504,"test/samples_per_second":81.797,"train_steps_per_second":6.606,"eval/loss":2.6002488136291504,"total_flos":0,"test/accuracy":0.6660000085830688,"train/epoch":8.129032258064516,"train/learning_rate":1.2190283144031256e-12,"test/nll":2.6002488136291504,"eval/runtime":5.9817,"train_runtime":1525.8662,"train/val_accuracy":0.6660000085830688,"eval/accuracy":0.6660000085830688,"train/grad_norm":0.02058456465601921,"train/loss":0.1254,"eval/ece":0.30719247460365295,"_timestamp":1.7747778927460442e+09,"_runtime":3333,"train/global_step":10080,"test/steps_per_second":20.449,"train/val_samples_per_second":81.876,"train/val_nll":2.6002488136291504,"eval/nll":2.6002488136291504,"test/ece":0.30719247460365295,"train/val_ece":0.30719247460365295,"test/runtime":6.1127}