{"test/ece":0.1740758866071701,"train/learning_rate":1.2190283144031256e-12,"train/epoch":8.129032258064516,"train/global_step":10080,"train_runtime":1755.6312,"test/accuracy":0.8159999847412109,"train_steps_per_second":5.742,"train/loss":0.0004,"_wandb":{"runtime":3555},"_runtime":3555,"train/val_nll":1.475460171699524,"train/val_ece":0.1740758866071701,"test/runtime":7.0695,"eval/runtime":6.9881,"eval/nll":1.475460171699524,"test/loss":1.475460171699524,"eval/ece":0.1740758866071701,"train_loss":0.29174524421540565,"test/steps_per_second":17.682,"eval/accuracy":0.8159999847412109,"test/samples_per_second":70.726,"train/val_steps_per_second":17.136,"train/val_runtime":7.2947,"_step":1035,"eval/steps_per_second":17.888,"test/nll":1.475460171699524,"train/val_loss":1.475460171699524,"train/val_accuracy":0.8159999847412109,"_timestamp":1.7746373063247879e+09,"eval/loss":1.475460171699524,"train/val_samples_per_second":68.543,"train_samples_per_second":22.966,"total_flos":0,"eval/samples_per_second":71.55,"train/grad_norm":0.005625471938401461}