{"train/val_samples_per_second":16.999,"eval/accuracy":1,"test/loss":0.22633963823318481,"eval/ece":0.20255285501480103,"eval/samples_per_second":17.026,"_wandb":{"runtime":118},"test/ece":0.20255285501480103,"eval/runtime":0.0587,"train/val_ece":0.20255285501480103,"train/learning_rate":1.4831583923104999e-05,"train/grad_norm":9.540698051452637,"train/global_step":50,"train/val_accuracy":1,"train/val_runtime":0.0588,"_step":47,"train_loss":0.998477668762207,"train_runtime":19.6961,"train/val_loss":0.22633963823318481,"train/val_nll":0.22633972764015198,"train_samples_per_second":10.154,"test/steps_per_second":16.887,"eval/steps_per_second":17.026,"train/val_steps_per_second":16.999,"test/runtime":0.0592,"_timestamp":1.7752416076090486e+09,"train/epoch":16.666666666666668,"eval/nll":0.22633972764015198,"total_flos":0,"eval/loss":0.22633963823318481,"train_steps_per_second":2.539,"_runtime":118,"test/nll":0.22633972764015198,"test/samples_per_second":16.887,"train/loss":0.7126,"test/accuracy":1}