{"train/val_samples_per_second":82.675,"test/samples_per_second":82.015,"test/runtime":6.0965,"train_loss":0.5265341064837273,"eval/nll":2.6002488136291504,"eval/samples_per_second":83.74,"_step":1035,"train/grad_norm":0.02058456465601921,"_wandb":{"runtime":3288},"test/loss":2.6002488136291504,"train/learning_rate":1.2190283144031256e-12,"_timestamp":1.7742198261792767e+09,"train_samples_per_second":26.839,"train/val_steps_per_second":20.669,"test/accuracy":0.6660000085830688,"eval/accuracy":0.6660000085830688,"train/val_ece":0.30719247460365295,"_runtime":3288,"train/val_nll":2.6002488136291504,"train/val_accuracy":0.6660000085830688,"test/nll":2.6002488136291504,"train_steps_per_second":6.71,"eval/ece":0.30719247460365295,"train/val_loss":2.6002488136291504,"eval/runtime":5.9708,"train/global_step":10080,"test/ece":0.30719247460365295,"eval/steps_per_second":20.935,"total_flos":0,"eval/loss":2.6002488136291504,"train/epoch":8.129032258064516,"train/loss":0.1254,"train/val_runtime":6.0477,"train_runtime":1502.3041,"test/steps_per_second":20.504}