{"train/learning_rate":1.2190283144031256e-12,"_runtime":3588,"eval/samples_per_second":72.33,"_wandb":{"runtime":3588},"train_steps_per_second":5.744,"train/loss":0.0004,"eval/runtime":6.9128,"eval/accuracy":0.8159999847412109,"train/grad_norm":0.005625471938401461,"train/val_ece":0.1740758866071701,"train/epoch":8.129032258064516,"train_runtime":1755.0111,"eval/ece":0.1740758866071701,"_step":1035,"train/val_runtime":7.277,"eval/nll":1.475460171699524,"test/runtime":7.0397,"train/val_steps_per_second":17.178,"train/global_step":10080,"test/loss":1.475460171699524,"test/accuracy":0.8159999847412109,"test/samples_per_second":71.025,"_timestamp":1.7746444827826524e+09,"train/val_accuracy":0.8159999847412109,"train/val_loss":1.475460171699524,"test/ece":0.1740758866071701,"train_samples_per_second":22.974,"train/val_samples_per_second":68.71,"test/steps_per_second":17.756,"test/nll":1.475460171699524,"eval/loss":1.475460171699524,"train_loss":0.29174524421540565,"eval/steps_per_second":18.082,"train/val_nll":1.475460171699524,"total_flos":0}