{"train_runtime":1877.6666,"test/ece":0.29123592376708984,"_timestamp":1.775284477227953e+09,"eval/runtime":4.2782,"train/val_runtime":4.2894,"_step":1089,"train/val_ece":0.29123592376708984,"total_flos":0,"train/learning_rate":1.2190283144031256e-12,"test/steps_per_second":17.454,"train/val_accuracy":0.7056856155395508,"test/runtime":4.2969,"train/epoch":36,"train/val_nll":4.2690606117248535,"test/loss":4.269061088562012,"train/val_steps_per_second":17.485,"train_samples_per_second":21.473,"eval/samples_per_second":69.89,"eval/nll":4.2690606117248535,"train/grad_norm":5.952482024440542e-05,"train/loss":0,"_runtime":3849,"eval/loss":4.269061088562012,"test/accuracy":0.7056856155395508,"eval/steps_per_second":17.531,"train/val_samples_per_second":69.706,"eval/accuracy":0.7056856155395508,"train_loss":0.09336959738594607,"_wandb":{"runtime":3849},"train/val_loss":4.269061088562012,"test/nll":4.2690606117248535,"test/samples_per_second":69.585,"train/global_step":10080,"train_steps_per_second":5.368,"eval/ece":0.29123592376708984}