{"train_loss":0.9761702632904052,"test/samples_per_second":16.571,"eval/loss":0.23138585686683655,"train_samples_per_second":10.474,"train/global_step":50,"train/grad_norm":6.731317520141602,"eval/steps_per_second":16.801,"train/val_accuracy":1,"test/nll":0.2313859462738037,"test/runtime":0.0603,"train_steps_per_second":2.618,"train/learning_rate":1.4831583923104999e-05,"train/val_runtime":0.0597,"eval/ece":0.20656681060791016,"train/val_samples_per_second":16.745,"_step":47,"eval/samples_per_second":16.801,"train_runtime":19.0951,"test/accuracy":1,"train/val_loss":0.23138585686683655,"test/steps_per_second":16.571,"train/val_steps_per_second":16.745,"train/val_nll":0.2313859462738037,"train/loss":0.8775,"total_flos":0,"train/val_ece":0.20656681060791016,"test/loss":0.23138585686683655,"_timestamp":1.775241948977755e+09,"train/epoch":16.666666666666668,"test/ece":0.20656681060791016,"_wandb":{"runtime":69},"eval/runtime":0.0595,"_runtime":69,"eval/accuracy":1,"eval/nll":0.2313859462738037}