{"eval/nll":1.475460171699524,"train_loss":0.29174524421540565,"eval/runtime":7.047,"eval/loss":1.475460171699524,"train/val_samples_per_second":70.596,"train_samples_per_second":22.812,"eval/steps_per_second":17.738,"test/loss":1.475460171699524,"_wandb":{"runtime":3566},"test/samples_per_second":70.915,"train_steps_per_second":5.703,"test/steps_per_second":17.729,"eval/samples_per_second":70.953,"train/val_nll":1.475460171699524,"test/accuracy":0.8159999847412109,"test/nll":1.475460171699524,"_step":1035,"_timestamp":1.7746090051296713e+09,"train/grad_norm":0.005625471938401461,"train/learning_rate":1.2190283144031256e-12,"train/val_loss":1.475460171699524,"train/loss":0.0004,"eval/accuracy":0.8159999847412109,"total_flos":0,"_runtime":3566,"train/val_ece":0.1740758866071701,"train/val_runtime":7.0825,"test/ece":0.1740758866071701,"train/val_steps_per_second":17.649,"train/global_step":10080,"train/epoch":8.129032258064516,"train/val_accuracy":0.8159999847412109,"test/runtime":7.0507,"eval/ece":0.1740758866071701,"train_runtime":1767.4559}