{"train/learning_rate":1.2190283144031256e-12,"eval/loss":4.779723167419434,"total_flos":0,"train_loss":0.10178949463376684,"train/loss":0,"_runtime":3871,"eval/runtime":4.3298,"eval/steps_per_second":17.322,"_timestamp":1.774551260008919e+09,"train/grad_norm":1.0356222446716856e-05,"_wandb":{"runtime":3871},"test/ece":0.2971249520778656,"test/runtime":4.3536,"train/val_loss":4.779723167419434,"train/epoch":36,"train/global_step":10080,"eval/samples_per_second":69.056,"train/val_runtime":4.3625,"train/val_nll":4.779723167419434,"_step":1089,"train_steps_per_second":5.419,"test/samples_per_second":68.679,"train/val_accuracy":0.692307710647583,"train/val_steps_per_second":17.192,"test/loss":4.779723167419434,"train/val_ece":0.2971249520778656,"eval/nll":4.779723167419434,"train_samples_per_second":21.676,"test/nll":4.779723167419434,"train/val_samples_per_second":68.538,"eval/ece":0.2971249520778656,"test/steps_per_second":17.227,"train_runtime":1860.0867,"test/accuracy":0.692307710647583,"eval/accuracy":0.692307710647583}