{"train/val_ece":0.17290887236595154,"test/accuracy":0.8100000023841858,"eval/loss":1.5222927331924438,"test/loss":1.5222927331924438,"train/global_step":10080,"train/learning_rate":1.2190283144031256e-12,"train/val_loss":1.5222927331924438,"test/samples_per_second":70.38,"eval/nll":1.5222926139831543,"eval/runtime":7.0489,"train_runtime":1796.3671,"train_steps_per_second":5.611,"train/epoch":8.129032258064516,"eval/ece":0.17290887236595154,"_timestamp":1.7752818389017098e+09,"test/ece":0.17290887236595154,"train_loss":0.2830534591237665,"test/nll":1.5222926139831543,"train/grad_norm":0.001669211545959115,"train/val_steps_per_second":17.517,"test/steps_per_second":17.595,"train/val_nll":1.5222926139831543,"train/val_samples_per_second":70.066,"total_flos":0,"train/val_accuracy":0.8100000023841858,"_runtime":3628,"_step":1035,"eval/steps_per_second":17.733,"eval/samples_per_second":70.934,"test/runtime":7.1043,"train_samples_per_second":22.445,"eval/accuracy":0.8100000023841858,"train/val_runtime":7.1361,"_wandb":{"runtime":3628},"train/loss":0.0266}