{"train/grad_norm":0.015159429050981998,"train/val_nll":3.74528431892395,"train/val_steps_per_second":20.531,"eval/runtime":14.6576,"eval/accuracy":0.6314496397972107,"test/samples_per_second":81.954,"_step":3035,"eval/ece":0.35007303953170776,"train/loss":0.0086,"train/epoch":12.31527093596059,"train_runtime":4514.54,"test/loss":3.74528431892395,"eval/samples_per_second":83.302,"total_flos":0,"train/val_ece":0.35007303953170776,"test/runtime":14.8986,"test/ece":0.35007303953170776,"test/accuracy":0.6314496397972107,"train_loss":0.4219645600504106,"_wandb":{"runtime":9787},"eval/nll":3.74528431892395,"train_samples_per_second":26.581,"test/steps_per_second":20.539,"train/global_step":30000,"train/val_samples_per_second":81.921,"_timestamp":1.7742680752759771e+09,"train/val_loss":3.74528431892395,"eval/steps_per_second":20.877,"eval/loss":3.74528431892395,"train_steps_per_second":6.645,"train/learning_rate":1.3726079162168503e-13,"train/val_runtime":14.9045,"_runtime":9787,"test/nll":3.74528431892395,"train/val_accuracy":0.6314496397972107}