{"_step":3035,"_timestamp":1.774231327401555e+09,"test/ece":0.35007303953170776,"train_loss":0.4219645600504106,"train/val_loss":3.74528431892395,"train/global_step":30000,"test/accuracy":0.6314496397972107,"train/grad_norm":0.015159429050981998,"total_flos":0,"eval/steps_per_second":20.91,"eval/ece":0.35007303953170776,"train/val_steps_per_second":20.65,"_wandb":{"runtime":9904},"train/loss":0.0086,"test/runtime":14.8009,"test/nll":3.74528431892395,"eval/loss":3.74528431892395,"train/epoch":12.31527093596059,"train/val_accuracy":0.6314496397972107,"_runtime":9904,"eval/accuracy":0.6314496397972107,"test/steps_per_second":20.674,"train/val_runtime":14.8182,"test/samples_per_second":82.495,"train/val_nll":3.74528431892395,"eval/samples_per_second":83.436,"eval/nll":3.74528431892395,"test/loss":3.74528431892395,"eval/runtime":14.634,"train_runtime":4509.6755,"train_samples_per_second":26.609,"train/learning_rate":1.3726079162168503e-13,"train/val_samples_per_second":82.399,"train_steps_per_second":6.652,"train/val_ece":0.35007303953170776}