{"test/runtime":13.7185,"eval/nll":3.2811777591705322,"train/loss":0,"train_loss":0.21437399795582487,"eval/steps_per_second":18.005,"test/ece":0.22959794104099274,"train/epoch":13.686131386861314,"train/global_step":30000,"_wandb":{"runtime":10482},"_step":3037,"eval/samples_per_second":71.872,"train/val_samples_per_second":71.012,"train/grad_norm":0.00047726836055517197,"test/nll":3.2811777591705322,"train/val_steps_per_second":17.789,"train_runtime":5230.9811,"train/val_runtime":13.716,"test/loss":3.2811777591705322,"eval/ece":0.22959794104099274,"_runtime":10482,"eval/loss":3.2811777591705322,"test/samples_per_second":70.999,"eval/accuracy":0.7638603448867798,"_timestamp":1.7746449182841055e+09,"test/steps_per_second":17.786,"train_steps_per_second":5.735,"train/val_nll":3.2811777591705322,"train_samples_per_second":22.94,"test/accuracy":0.7638603448867798,"total_flos":0,"train/val_accuracy":0.7638603448867798,"train/val_ece":0.22959794104099274,"train/val_loss":3.2811777591705322,"eval/runtime":13.5518,"train/learning_rate":1.3726079162168503e-13}