{"train/val_samples_per_second":69.397,"train/epoch":8.129032258064516,"total_flos":0,"train/val_accuracy":0.8299999833106995,"train/val_loss":1.3923430442810059,"test/runtime":7.079,"test/ece":0.16576194763183594,"_step":1035,"train/learning_rate":1.2190283144031256e-12,"eval/steps_per_second":17.807,"train/val_nll":1.3923430442810059,"_runtime":3579,"test/nll":1.3923430442810059,"eval/ece":0.16576194763183594,"test/samples_per_second":70.632,"test/loss":1.3923430442810059,"test/steps_per_second":17.658,"train_loss":0.28767861081527485,"test/accuracy":0.8299999833106995,"eval/nll":1.3923430442810059,"train/val_ece":0.16576194763183594,"train/grad_norm":0.0028650695458054543,"eval/samples_per_second":71.228,"train_steps_per_second":5.685,"train/loss":0.223,"eval/accuracy":0.8299999833106995,"train_samples_per_second":22.74,"train_runtime":1773.1237,"train/val_steps_per_second":17.349,"eval/loss":1.3923430442810059,"_timestamp":1.7752890748439748e+09,"train/val_runtime":7.205,"train/global_step":10080,"_wandb":{"runtime":3579},"eval/runtime":7.0197}