{"_timestamp":1.7752859692513506e+09,"eval/runtime":13.5069,"train/val_samples_per_second":71.308,"eval/steps_per_second":18.065,"train/learning_rate":1.3726079162168503e-13,"eval/loss":3.0167555809020996,"test/ece":0.2267204225063324,"train/val_loss":3.0167555809020996,"train_steps_per_second":5.799,"test/loss":3.0167555809020996,"eval/samples_per_second":72.111,"test/runtime":13.6462,"test/samples_per_second":71.375,"train_runtime":5172.9808,"_wandb":{"runtime":10365},"_step":3037,"eval/nll":3.0167555809020996,"_runtime":10365,"train/grad_norm":7.652536442037672e-05,"train/val_steps_per_second":17.864,"train/val_accuracy":0.7638603448867798,"train_samples_per_second":23.197,"test/accuracy":0.7638603448867798,"eval/ece":0.2267204225063324,"train/val_ece":0.2267204225063324,"train/loss":0,"train_loss":0.2188221999007547,"train/val_nll":3.0167555809020996,"eval/accuracy":0.7638603448867798,"test/nll":3.0167555809020996,"test/steps_per_second":17.88,"train/global_step":30000,"train/epoch":13.686131386861314,"total_flos":0,"train/val_runtime":13.659}