{"test/steps_per_second":17.867,"train/learning_rate":1.3726079162168503e-13,"test/loss":3.2811777591705322,"train/val_nll":3.2811777591705322,"_wandb":{"runtime":10341},"train/global_step":30000,"eval/samples_per_second":72.074,"train/val_runtime":13.7496,"train/val_accuracy":0.7638603448867798,"train/val_samples_per_second":70.838,"train/grad_norm":0.00047726836055517197,"train/val_loss":3.2811777591705322,"total_flos":0,"eval/runtime":13.5138,"train/val_ece":0.22959794104099274,"test/samples_per_second":71.32,"eval/steps_per_second":18.056,"train_runtime":5156.0538,"_step":3037,"test/runtime":13.6568,"eval/accuracy":0.7638603448867798,"test/nll":3.2811777591705322,"_timestamp":1.7745977382837248e+09,"train_samples_per_second":23.274,"test/accuracy":0.7638603448867798,"train/loss":0,"train_steps_per_second":5.818,"eval/nll":3.2811777591705322,"eval/loss":3.2811777591705322,"train_loss":0.21437399795582487,"test/ece":0.22959794104099274,"train/epoch":13.686131386861314,"train/val_steps_per_second":17.746,"eval/ece":0.22959794104099274,"_runtime":10341}