{"train_runtime":1593.5035,"_runtime":3497,"train/val_nll":7.469650745391846,"train/loss":0,"test/samples_per_second":81.279,"eval/runtime":3.6172,"train/learning_rate":1.2190283144031256e-12,"train_loss":0.18707955055922784,"eval/accuracy":0.5150501728057861,"train/val_runtime":3.6793,"train/val_samples_per_second":81.266,"test/nll":7.469650745391846,"total_flos":0,"test/accuracy":0.5150501728057861,"test/loss":7.469650745391846,"train/global_step":10080,"test/runtime":3.6787,"train/epoch":36,"eval/samples_per_second":82.661,"_wandb":{"runtime":3497},"eval/steps_per_second":20.734,"train/val_ece":0.4674781560897827,"train/val_accuracy":0.5150501728057861,"test/ece":0.4674781560897827,"test/steps_per_second":20.388,"train/grad_norm":6.659857899649069e-05,"train/val_loss":7.469650745391846,"train_samples_per_second":25.303,"train_steps_per_second":6.326,"_step":1089,"eval/nll":7.469650745391846,"train/val_steps_per_second":20.385,"eval/loss":7.469650745391846,"_timestamp":1.7742186714055324e+09,"eval/ece":0.4674781560897827}