{"test/accuracy":0.6314496397972107,"train/val_loss":3.74528431892395,"total_flos":0,"_runtime":9750,"train/global_step":30000,"train_runtime":4483.8469,"eval/loss":3.74528431892395,"train/learning_rate":1.3726079162168503e-13,"eval/accuracy":0.6314496397972107,"train/epoch":12.31527093596059,"test/runtime":14.8407,"test/loss":3.74528431892395,"eval/samples_per_second":84.018,"test/nll":3.74528431892395,"_wandb":{"runtime":9750},"train/loss":0.0086,"_timestamp":1.7742410987969832e+09,"eval/ece":0.35007303953170776,"train_loss":0.4219645600504106,"eval/steps_per_second":21.056,"test/ece":0.35007303953170776,"train/val_samples_per_second":82.208,"eval/runtime":14.5327,"train/val_accuracy":0.6314496397972107,"train/val_ece":0.35007303953170776,"_step":3035,"train_samples_per_second":26.763,"eval/nll":3.74528431892395,"train_steps_per_second":6.691,"test/steps_per_second":20.619,"train/val_steps_per_second":20.602,"test/samples_per_second":82.274,"train/val_nll":3.74528431892395,"train/grad_norm":0.015159429050981998,"train/val_runtime":14.8526}