{"eval/nll":2.6002488136291504,"train/global_step":10080,"test/steps_per_second":20.733,"train/val_samples_per_second":83.063,"train/learning_rate":1.2190283144031256e-12,"test/nll":2.6002488136291504,"eval/ece":0.30719247460365295,"train/epoch":8.129032258064516,"train/val_ece":0.30719247460365295,"test/runtime":6.029,"test/ece":0.30719247460365295,"total_flos":0,"train/val_loss":2.6002488136291504,"train/grad_norm":0.02058456465601921,"eval/loss":2.6002488136291504,"test/loss":2.6002488136291504,"train/val_nll":2.6002488136291504,"train/val_steps_per_second":20.766,"train_runtime":1499.4386,"train/loss":0.1254,"_wandb":{"runtime":3316},"train_loss":0.5265341064837273,"eval/runtime":5.9189,"train/val_accuracy":0.6660000085830688,"train_steps_per_second":6.723,"eval/samples_per_second":84.475,"eval/steps_per_second":21.119,"_step":1035,"_runtime":3316,"_timestamp":1.7742132676714647e+09,"train/val_runtime":6.0195,"eval/accuracy":0.6660000085830688,"test/samples_per_second":82.932,"train_samples_per_second":26.89,"test/accuracy":0.6660000085830688}