{"test/loss":1.475460171699524,"train/val_loss":1.475460171699524,"train_samples_per_second":23.051,"train_steps_per_second":5.763,"eval/loss":1.475460171699524,"eval/runtime":8.3004,"eval/accuracy":0.8159999847412109,"train/learning_rate":1.2190283144031256e-12,"eval/steps_per_second":15.059,"train/val_nll":1.475460171699524,"train/val_samples_per_second":68.52,"train/val_runtime":7.2972,"train/val_steps_per_second":17.13,"train/epoch":8.129032258064516,"train/val_accuracy":0.8159999847412109,"train_loss":0.29174524421540565,"_wandb":{"runtime":3532},"eval/samples_per_second":60.238,"train_runtime":1749.1738,"test/runtime":7.0372,"test/ece":0.1740758866071701,"test/nll":1.475460171699524,"train/val_ece":0.1740758866071701,"test/samples_per_second":71.051,"test/accuracy":0.8159999847412109,"train/grad_norm":0.005625471938401461,"test/steps_per_second":17.763,"eval/ece":0.1740758866071701,"train/loss":0.0004,"_runtime":3532,"total_flos":0,"_timestamp":1.7746408658469107e+09,"train/global_step":10080,"eval/nll":1.475460171699524,"_step":1035}