{"eval/accuracy":0.5150501728057861,"train_steps_per_second":6.38,"eval/steps_per_second":21.171,"test/steps_per_second":20.466,"eval/samples_per_second":84.4,"_timestamp":1.774208163464972e+09,"train/val_ece":0.4674781560897827,"test/loss":7.469650745391846,"train_loss":0.18707955055922784,"total_flos":0,"test/ece":0.4674781560897827,"train_runtime":1579.9387,"eval/loss":7.469650745391846,"train/learning_rate":1.2190283144031256e-12,"train/val_runtime":3.604,"eval/runtime":3.5426,"train/global_step":10080,"train/val_loss":7.469650745391846,"train/loss":0,"test/accuracy":0.5150501728057861,"train/val_accuracy":0.5150501728057861,"train/grad_norm":6.659857899649069e-05,"train/val_steps_per_second":20.81,"eval/ece":0.4674781560897827,"test/nll":7.469650745391846,"_wandb":{"runtime":3474},"eval/nll":7.469650745391846,"test/samples_per_second":81.59,"train/val_nll":7.469650745391846,"train/val_samples_per_second":82.963,"train/epoch":36,"_step":1089,"train_samples_per_second":25.52,"_runtime":3474,"test/runtime":3.6647}