{"train/val_steps_per_second":17.809,"train/val_accuracy":0.8159999847412109,"train_loss":0.29174524421540565,"_runtime":3595,"_timestamp":1.7746164788567998e+09,"eval/runtime":7.0568,"train_steps_per_second":5.634,"train/loss":0.0004,"eval/ece":0.1740758866071701,"test/nll":1.475460171699524,"train/val_nll":1.475460171699524,"eval/samples_per_second":70.854,"test/loss":1.475460171699524,"train_runtime":1789.0025,"test/ece":0.1740758866071701,"test/runtime":7.1585,"train/val_ece":0.1740758866071701,"test/steps_per_second":17.462,"test/samples_per_second":69.847,"_wandb":{"runtime":3595},"train/global_step":10080,"eval/steps_per_second":17.713,"train_samples_per_second":22.538,"eval/loss":1.475460171699524,"train/val_samples_per_second":71.234,"train/epoch":8.129032258064516,"eval/nll":1.475460171699524,"test/accuracy":0.8159999847412109,"train/grad_norm":0.005625471938401461,"train/val_runtime":7.0191,"train/val_loss":1.475460171699524,"eval/accuracy":0.8159999847412109,"total_flos":0,"_step":1035,"train/learning_rate":1.2190283144031256e-12}