{"train/val_ece":0.1740758866071701,"train/val_accuracy":0.8159999847412109,"train_samples_per_second":21.939,"train/val_nll":1.475460171699524,"test/ece":0.1740758866071701,"test/accuracy":0.8159999847412109,"train/val_runtime":7.4849,"train_runtime":1837.805,"test/samples_per_second":66.631,"train/global_step":10080,"eval/loss":1.475460171699524,"test/nll":1.475460171699524,"train/val_loss":1.475460171699524,"eval/runtime":7.0452,"eval/accuracy":0.8159999847412109,"_runtime":3774,"train/epoch":8.129032258064516,"train_steps_per_second":5.485,"test/runtime":7.504,"eval/nll":1.475460171699524,"train/grad_norm":0.005625471938401461,"test/loss":1.475460171699524,"_timestamp":1.7746184934454005e+09,"test/steps_per_second":16.658,"eval/ece":0.1740758866071701,"train/learning_rate":1.2190283144031256e-12,"_wandb":{"runtime":3774},"eval/steps_per_second":17.742,"eval/samples_per_second":70.97,"train/val_samples_per_second":66.801,"train_loss":0.29174524421540565,"total_flos":0,"train/loss":0.0004,"train/val_steps_per_second":16.7,"_step":1035}