{"train_runtime":19.7175,"eval/samples_per_second":16.935,"eval/steps_per_second":16.935,"train/loss":0.8068,"train_steps_per_second":2.536,"train/val_loss":0.22462189197540283,"eval/ece":0.20118188858032227,"test/runtime":0.0592,"_runtime":70,"total_flos":0,"_step":47,"eval/nll":0.22462198138237,"eval/runtime":0.0591,"train_loss":1.011473355293274,"test/accuracy":1,"eval/loss":0.22462189197540283,"train/val_nll":0.22462198138237,"train/val_ece":0.20118188858032227,"train/val_runtime":0.0599,"train_samples_per_second":10.143,"train/val_samples_per_second":16.687,"train/val_steps_per_second":16.687,"test/ece":0.20118188858032227,"_wandb":{"runtime":70},"test/loss":0.22462189197540283,"train/learning_rate":1.4831583923104999e-05,"test/samples_per_second":16.901,"train/val_accuracy":1,"train/global_step":50,"eval/accuracy":1,"_timestamp":1.7752417853980248e+09,"test/steps_per_second":16.901,"train/epoch":16.666666666666668,"train/grad_norm":19.106647491455078,"test/nll":0.22462198138237}