{"train/val_samples_per_second":80.871,"eval/nll":4.178630352020264,"train_runtime":4545.387,"test/steps_per_second":20.12,"train/val_accuracy":0.6160164475440979,"eval/loss":4.178630828857422,"train/val_loss":4.178630828857422,"train/loss":0.0644,"eval/accuracy":0.6160164475440979,"_wandb":{"runtime":9862},"test/samples_per_second":80.315,"_timestamp":1.7747511983729053e+09,"train/val_ece":0.3654025197029114,"train/global_step":30000,"eval/steps_per_second":20.572,"train_steps_per_second":6.6,"test/runtime":12.1273,"test/accuracy":0.6160164475440979,"test/nll":4.178630352020264,"_runtime":9862,"train/epoch":13.686131386861314,"eval/runtime":11.8607,"test/loss":4.178630828857422,"train/learning_rate":1.3726079162168503e-13,"train/val_runtime":12.0439,"eval/ece":0.3654025197029114,"train/val_nll":4.178630352020264,"test/ece":0.3654025197029114,"total_flos":0,"train_loss":0.3959056536858407,"_step":3037,"eval/samples_per_second":82.12,"train/val_steps_per_second":20.259,"train/grad_norm":0.005636375863105059,"train_samples_per_second":26.4}