{"test/accuracy":0.6314496397972107,"train_loss":0.4219645600504106,"test/loss":3.74528431892395,"train/val_runtime":14.9309,"train/epoch":12.31527093596059,"total_flos":0,"train_runtime":4571.5493,"train_samples_per_second":26.249,"eval/samples_per_second":82.949,"train_steps_per_second":6.562,"eval/accuracy":0.6314496397972107,"_wandb":{"runtime":9862},"eval/ece":0.35007303953170776,"train/val_loss":3.74528431892395,"test/nll":3.74528431892395,"_step":3035,"train/val_nll":3.74528431892395,"eval/runtime":14.72,"test/steps_per_second":20.464,"train/val_steps_per_second":20.494,"_runtime":9862,"test/ece":0.35007303953170776,"train/val_samples_per_second":81.777,"test/runtime":14.9534,"eval/steps_per_second":20.788,"train/grad_norm":0.015159429050981998,"eval/nll":3.74528431892395,"train/global_step":30000,"test/samples_per_second":81.654,"train/val_ece":0.35007303953170776,"train/val_accuracy":0.6314496397972107,"train/learning_rate":1.3726079162168503e-13,"_timestamp":1.774221411169557e+09,"eval/loss":3.74528431892395,"train/loss":0.0086}