{"train/val_loss":7.469650745391846,"test/runtime":3.7377,"train/epoch":36,"eval/runtime":3.6452,"train/val_steps_per_second":20.159,"test/loss":7.469650745391846,"train/grad_norm":6.659857899649069e-05,"train_runtime":1627.5373,"test/samples_per_second":79.996,"train/learning_rate":1.2190283144031256e-12,"_timestamp":1.7747241720714273e+09,"train_loss":0.18707955055922784,"train/val_samples_per_second":80.366,"eval/nll":7.469650745391846,"total_flos":0,"train/global_step":10080,"train/loss":0,"train/val_nll":7.469650745391846,"train_steps_per_second":6.193,"eval/ece":0.4674781560897827,"train_samples_per_second":24.774,"train/val_runtime":3.7205,"train/val_accuracy":0.5150501728057861,"test/steps_per_second":20.066,"eval/steps_per_second":20.575,"eval/samples_per_second":82.027,"test/ece":0.4674781560897827,"_runtime":3605,"eval/accuracy":0.5150501728057861,"eval/loss":7.469650745391846,"train/val_ece":0.4674781560897827,"_step":1089,"_wandb":{"runtime":3605},"test/nll":7.469650745391846,"test/accuracy":0.5150501728057861}