{"train/val_loss":3.107459545135498,"train/loss":0,"eval/accuracy":0.7638603448867798,"train/val_runtime":13.7294,"eval/runtime":13.6784,"test/nll":3.107459783554077,"train/val_samples_per_second":70.943,"_runtime":10401,"train_steps_per_second":5.78,"test/samples_per_second":71.538,"test/runtime":13.6152,"train/val_nll":3.107459783554077,"total_flos":0,"train/learning_rate":1.3726079162168503e-13,"eval/samples_per_second":71.207,"train_runtime":5190.5657,"_wandb":{"runtime":10401},"eval/nll":3.107459783554077,"train/val_accuracy":0.7638603448867798,"train_samples_per_second":23.119,"eval/ece":0.2324829250574112,"_step":3037,"test/steps_per_second":17.921,"train_loss":0.21385867606224437,"train/grad_norm":0.0004022150533273816,"_timestamp":1.7753068509523573e+09,"train/epoch":13.686131386861314,"test/loss":3.107459545135498,"eval/steps_per_second":17.838,"train/val_steps_per_second":17.772,"train/val_ece":0.2324829250574112,"train/global_step":30000,"test/accuracy":0.7638603448867798,"eval/loss":3.107459545135498,"test/ece":0.2324829250574112}