{"eval/accuracy":0.695652186870575,"train/val_steps_per_second":17.522,"_step":1089,"train/epoch":36,"eval/steps_per_second":17.716,"train/val_samples_per_second":69.853,"test/steps_per_second":17.344,"train/val_nll":4.841965675354004,"train/val_runtime":4.2804,"_timestamp":1.7752767819064288e+09,"train/grad_norm":0.00026306064683012664,"test/accuracy":0.695652186870575,"_runtime":3818,"eval/runtime":4.2334,"train_runtime":1857.1905,"test/loss":4.841966152191162,"test/nll":4.841965675354004,"train/global_step":10080,"total_flos":0,"test/ece":0.298589289188385,"train_loss":0.09920743364486534,"eval/nll":4.841965675354004,"eval/ece":0.298589289188385,"train_steps_per_second":5.428,"test/samples_per_second":69.147,"train/learning_rate":1.2190283144031256e-12,"train/val_loss":4.841966152191162,"eval/loss":4.841966152191162,"train/loss":0,"train/val_accuracy":0.695652186870575,"train_samples_per_second":21.71,"train/val_ece":0.298589289188385,"test/runtime":4.3241,"_wandb":{"runtime":3818},"eval/samples_per_second":70.629}