{"_runtime":10558,"_step":3037,"_timestamp":1.7746344097369103e+09,"train/val_runtime":13.8421,"eval/loss":3.2811777591705322,"eval/samples_per_second":71.44,"train/val_accuracy":0.7638603448867798,"train/val_steps_per_second":17.627,"train_runtime":5243.0328,"train/epoch":13.686131386861314,"eval/accuracy":0.7638603448867798,"train/val_samples_per_second":70.365,"eval/nll":3.2811777591705322,"total_flos":0,"train/learning_rate":1.3726079162168503e-13,"train/grad_norm":0.00047726836055517197,"train/val_loss":3.2811777591705322,"test/samples_per_second":70.2,"test/accuracy":0.7638603448867798,"_wandb":{"runtime":10558},"train_steps_per_second":5.722,"train/loss":0,"test/steps_per_second":17.586,"train_loss":0.21437399795582487,"train/global_step":30000,"train/val_ece":0.22959794104099274,"test/nll":3.2811777591705322,"test/ece":0.22959794104099274,"eval/steps_per_second":17.897,"eval/runtime":13.6339,"train/val_nll":3.2811777591705322,"test/loss":3.2811777591705322,"test/runtime":13.8746,"train_samples_per_second":22.888,"eval/ece":0.22959794104099274}