{"train_runtime":1763.3799,"train_samples_per_second":22.865,"_step":1035,"train/val_loss":1.5491598844528198,"eval/steps_per_second":17.504,"train/val_steps_per_second":17.41,"eval/ece":0.19319306313991547,"train/grad_norm":0.0016486654058098793,"train/val_runtime":7.1797,"eval/accuracy":0.800000011920929,"_wandb":{"runtime":3585},"train_loss":0.2728116939620887,"train/val_nll":1.5491597652435303,"train/loss":0.0001,"eval/samples_per_second":70.017,"eval/nll":1.5491597652435303,"train/learning_rate":1.2190283144031256e-12,"train/val_samples_per_second":69.64,"train/val_ece":0.19319306313991547,"train/epoch":8.129032258064516,"test/loss":1.5491598844528198,"test/samples_per_second":70.547,"total_flos":0,"eval/runtime":7.1411,"eval/loss":1.5491598844528198,"test/runtime":7.0875,"test/steps_per_second":17.637,"train/global_step":10080,"test/ece":0.19319306313991547,"train/val_accuracy":0.800000011920929,"train_steps_per_second":5.716,"test/accuracy":0.800000011920929,"test/nll":1.5491597652435303,"_runtime":3585,"_timestamp":1.7752781983181832e+09}