{"total_flos":0,"_runtime":79,"test/accuracy":1,"eval/samples_per_second":17.06,"test/samples_per_second":16.997,"train/val_runtime":0.0633,"train/val_steps_per_second":15.8,"test/loss":0.24616476893424988,"train/val_ece":0.21820664405822754,"train/loss":0.7342,"train/val_samples_per_second":15.8,"_step":47,"test/steps_per_second":16.997,"test/nll":0.24616485834121704,"train_samples_per_second":10.511,"eval/steps_per_second":17.06,"train/val_nll":0.24616485834121704,"eval/runtime":0.0586,"train/val_loss":0.24616476893424988,"train/learning_rate":1.4831583923104999e-05,"_timestamp":1.7752417030712547e+09,"eval/ece":0.21820664405822754,"test/ece":0.21820664405822754,"test/runtime":0.0588,"train_steps_per_second":2.628,"train/grad_norm":7.552473068237305,"train_runtime":19.0281,"_wandb":{"runtime":79},"eval/accuracy":1,"train_loss":1.0082014846801757,"eval/loss":0.24616476893424988,"train/global_step":50,"train/val_accuracy":1,"train/epoch":16.666666666666668,"eval/nll":0.24616485834121704}