{"eval/runtime":5.9283,"train/val_steps_per_second":20.715,"train/val_samples_per_second":82.858,"train/val_accuracy":0.6660000085830688,"train_loss":0.5265341064837273,"test/ece":0.30719247460365295,"train_samples_per_second":26.807,"eval/nll":2.6002488136291504,"test/accuracy":0.6660000085830688,"_runtime":3290,"train/epoch":8.129032258064516,"train/grad_norm":0.02058456465601921,"train/val_nll":2.6002488136291504,"test/steps_per_second":20.656,"eval/steps_per_second":21.085,"eval/loss":2.6002488136291504,"train_steps_per_second":6.702,"test/loss":2.6002488136291504,"train/val_runtime":6.0344,"train/val_ece":0.30719247460365295,"eval/ece":0.30719247460365295,"train/loss":0.1254,"train/learning_rate":1.2190283144031256e-12,"train_runtime":1504.0721,"test/nll":2.6002488136291504,"eval/samples_per_second":84.342,"total_flos":0,"train/val_loss":2.6002488136291504,"_step":1035,"train/global_step":10080,"test/runtime":6.0515,"_timestamp":1.7742265755007553e+09,"test/samples_per_second":82.624,"eval/accuracy":0.6660000085830688,"_wandb":{"runtime":3290}}