{"train/epoch":36,"test/nll":4.779723167419434,"test/runtime":4.2479,"test/loss":4.779723167419434,"train_runtime":1921.1785,"train/loss":0,"train_steps_per_second":5.247,"eval/steps_per_second":17.697,"_wandb":{"runtime":4030},"train_samples_per_second":20.987,"train/val_nll":4.779723167419434,"train_loss":0.10178949463376684,"train/val_steps_per_second":17.551,"_runtime":4030,"train/val_accuracy":0.692307710647583,"eval/ece":0.2971249520778656,"test/steps_per_second":17.656,"eval/accuracy":0.692307710647583,"train/val_samples_per_second":69.969,"train/val_ece":0.2971249520778656,"train/learning_rate":1.2190283144031256e-12,"train/val_runtime":4.2733,"test/ece":0.2971249520778656,"eval/runtime":4.238,"train/grad_norm":1.0356222446716856e-05,"_timestamp":1.7746441185195556e+09,"train/val_loss":4.779723167419434,"_step":1089,"eval/nll":4.779723167419434,"train/global_step":10080,"eval/loss":4.779723167419434,"test/samples_per_second":70.387,"total_flos":0,"test/accuracy":0.692307710647583,"eval/samples_per_second":70.553}