{"test/steps_per_second":17.469,"eval/steps_per_second":17.592,"train/loss":0,"eval/nll":4.779723167419434,"train/epoch":36,"train/val_loss":4.779723167419434,"train/val_accuracy":0.692307710647583,"test/accuracy":0.692307710647583,"train_loss":0.10178949463376684,"test/ece":0.2971249520778656,"eval/runtime":4.2633,"eval/loss":4.779723167419434,"eval/accuracy":0.692307710647583,"_timestamp":1.7745666086504307e+09,"eval/samples_per_second":70.134,"train/val_ece":0.2971249520778656,"train/val_runtime":4.3371,"_wandb":{"runtime":3802},"test/runtime":4.2934,"test/loss":4.779723167419434,"train/global_step":10080,"_step":1089,"train/val_nll":4.779723167419434,"train_samples_per_second":21.674,"train/val_samples_per_second":68.941,"total_flos":0,"train_runtime":1860.2671,"test/nll":4.779723167419434,"train/learning_rate":1.2190283144031256e-12,"train_steps_per_second":5.419,"eval/ece":0.2971249520778656,"_runtime":3802,"test/samples_per_second":69.642,"train/val_steps_per_second":17.293,"train/grad_norm":1.0356222446716856e-05}