{"eval/nll":1.475460171699524,"test/runtime":7.0931,"train/epoch":8.129032258064516,"_wandb":{"runtime":3838},"eval/loss":1.475460171699524,"train/global_step":10080,"_step":1035,"eval/runtime":6.9504,"test/steps_per_second":17.623,"_runtime":3838,"eval/steps_per_second":17.985,"test/samples_per_second":70.491,"train_samples_per_second":22.334,"train/val_samples_per_second":71.079,"train_runtime":1805.2843,"train/learning_rate":1.2190283144031256e-12,"train/val_accuracy":0.8159999847412109,"total_flos":0,"test/ece":0.1740758866071701,"test/nll":1.475460171699524,"train/val_runtime":7.0344,"eval/ece":0.1740758866071701,"train/loss":0.0004,"train_loss":0.29174524421540565,"test/accuracy":0.8159999847412109,"train/val_steps_per_second":17.77,"train_steps_per_second":5.584,"train/val_ece":0.1740758866071701,"eval/accuracy":0.8159999847412109,"_timestamp":1.7746128605999284e+09,"train/val_nll":1.475460171699524,"eval/samples_per_second":71.938,"train/grad_norm":0.005625471938401461,"train/val_loss":1.475460171699524,"test/loss":1.475460171699524}