{"train_samples_per_second":26.383,"test/steps_per_second":20.551,"eval/steps_per_second":20.858,"eval/ece":0.30719247460365295,"train/val_samples_per_second":82.266,"eval/nll":2.6002488136291504,"test/ece":0.30719247460365295,"_timestamp":1.7747679047932687e+09,"test/samples_per_second":82.202,"_step":1035,"train_steps_per_second":6.596,"eval/loss":2.6002488136291504,"test/nll":2.6002488136291504,"train/val_accuracy":0.6660000085830688,"eval/runtime":5.993,"train/val_runtime":6.0778,"train/loss":0.1254,"train/epoch":8.129032258064516,"train_runtime":1528.2401,"eval/accuracy":0.6660000085830688,"train/global_step":10080,"train/val_nll":2.6002488136291504,"total_flos":0,"eval/samples_per_second":83.43,"test/loss":2.6002488136291504,"train/val_steps_per_second":20.567,"train_loss":0.5265341064837273,"test/accuracy":0.6660000085830688,"train/learning_rate":1.2190283144031256e-12,"test/runtime":6.0825,"train/grad_norm":0.02058456465601921,"train/val_ece":0.30719247460365295,"_wandb":{"runtime":3370},"train/val_loss":2.6002488136291504,"_runtime":3370}