{"eval/accuracy":0.692307710647583,"test/loss":4.779723167419434,"train/val_ece":0.2971249520778656,"eval/nll":4.779723167419434,"_runtime":3886,"train/val_samples_per_second":70.53,"train/loss":0,"train_loss":0.10178949463376684,"train_samples_per_second":21.62,"train/global_step":10080,"train/val_accuracy":0.692307710647583,"train/val_runtime":4.2393,"_timestamp":1.774636197502432e+09,"train/grad_norm":1.0356222446716856e-05,"_step":1089,"train/val_steps_per_second":17.692,"test/steps_per_second":17.716,"test/samples_per_second":70.628,"train/epoch":36,"train/learning_rate":1.2190283144031256e-12,"test/accuracy":0.692307710647583,"train_steps_per_second":5.405,"train/val_nll":4.779723167419434,"test/ece":0.2971249520778656,"test/nll":4.779723167419434,"train_runtime":1864.9827,"eval/ece":0.2971249520778656,"eval/steps_per_second":17.82,"eval/loss":4.779723167419434,"eval/runtime":4.2087,"total_flos":0,"eval/samples_per_second":71.043,"_wandb":{"runtime":3886},"test/runtime":4.2334,"train/val_loss":4.779723167419434}