{"_timestamp":1.7746187217543373e+09,"test/ece":0.22959794104099274,"_step":3037,"test/accuracy":0.7638603448867798,"train/learning_rate":1.3726079162168503e-13,"train/val_accuracy":0.7638603448867798,"eval/steps_per_second":18.072,"eval/accuracy":0.7638603448867798,"test/nll":3.2811777591705322,"train/val_nll":3.2811777591705322,"train/grad_norm":0.00047726836055517197,"train/val_samples_per_second":71.13,"train_runtime":5225.9456,"train_samples_per_second":22.962,"eval/loss":3.2811777591705322,"train/global_step":30000,"eval/ece":0.22959794104099274,"total_flos":0,"train_steps_per_second":5.741,"_runtime":10513,"train_loss":0.21437399795582487,"train/loss":0,"train/val_runtime":13.6932,"test/runtime":13.7064,"train/epoch":13.686131386861314,"_wandb":{"runtime":10513},"eval/runtime":13.5012,"train/val_loss":3.2811777591705322,"test/steps_per_second":17.802,"train/val_ece":0.22959794104099274,"eval/samples_per_second":72.142,"test/samples_per_second":71.062,"eval/nll":3.2811777591705322,"train/val_steps_per_second":17.819,"test/loss":3.2811777591705322}