{"test/loss":7.469650745391846,"eval/accuracy":0.5150501728057861,"train/val_loss":7.469650745391846,"train_loss":0.18707955055922784,"train_steps_per_second":6.237,"eval/steps_per_second":20.572,"total_flos":0,"_runtime":3594,"train/val_samples_per_second":81.765,"test/steps_per_second":20.335,"train/grad_norm":6.659857899649069e-05,"test/accuracy":0.5150501728057861,"train_runtime":1616.0556,"eval/nll":7.469650745391846,"train/val_nll":7.469650745391846,"eval/runtime":3.6458,"_step":1089,"train/val_accuracy":0.5150501728057861,"train/learning_rate":1.2190283144031256e-12,"test/samples_per_second":81.068,"_wandb":{"runtime":3594},"train/val_steps_per_second":20.51,"train_samples_per_second":24.95,"train/loss":0,"test/ece":0.4674781560897827,"train/val_runtime":3.6568,"eval/ece":0.4674781560897827,"_timestamp":1.7747313854677155e+09,"train/val_ece":0.4674781560897827,"train/global_step":10080,"test/runtime":3.6883,"eval/samples_per_second":82.012,"train/epoch":36,"eval/loss":7.469650745391846,"test/nll":7.469650745391846}