{"test/steps_per_second":17.577,"test/runtime":4.2669,"test/accuracy":0.692307710647583,"train/epoch":36,"_runtime":3834,"eval/steps_per_second":17.579,"_step":1089,"train_samples_per_second":21.358,"train_steps_per_second":5.34,"total_flos":0,"train/loss":0,"eval/runtime":4.2664,"test/ece":0.2971249520778656,"test/loss":4.779723167419434,"train/val_steps_per_second":17.322,"eval/nll":4.779723167419434,"train/learning_rate":1.2190283144031256e-12,"train/global_step":10080,"_timestamp":1.7745551238549929e+09,"test/samples_per_second":70.074,"eval/loss":4.779723167419434,"train/val_runtime":4.3298,"train/val_nll":4.779723167419434,"train_runtime":1887.7863,"train/val_loss":4.779723167419434,"_wandb":{"runtime":3834},"train/val_accuracy":0.692307710647583,"eval/samples_per_second":70.082,"eval/accuracy":0.692307710647583,"train/grad_norm":1.0356222446716856e-05,"train/val_ece":0.2971249520778656,"eval/ece":0.2971249520778656,"test/nll":4.779723167419434,"train/val_samples_per_second":69.056,"train_loss":0.10178949463376684}