{"train/grad_norm":7.6550441008294e-06,"train_samples_per_second":21.597,"_step":1089,"_timestamp":1.775272945984238e+09,"train/val_steps_per_second":17.553,"train/val_runtime":4.2729,"_runtime":3829,"test/ece":0.32545480132102966,"train_runtime":1866.9244,"train/val_loss":5.394598007202148,"eval/accuracy":0.6722407937049866,"eval/steps_per_second":17.812,"train/val_nll":5.394598007202148,"eval/samples_per_second":71.012,"eval/runtime":4.2105,"train_steps_per_second":5.399,"test/nll":5.394598007202148,"test/steps_per_second":17.382,"train/learning_rate":1.2190283144031256e-12,"_wandb":{"runtime":3829},"train/val_accuracy":0.6722407937049866,"train/epoch":36,"train/val_ece":0.32545480132102966,"eval/nll":5.394598007202148,"train_loss":0.10208704509587888,"test/accuracy":0.6722407937049866,"train/loss":0,"eval/loss":5.394598007202148,"test/loss":5.394598007202148,"train/global_step":10080,"total_flos":0,"train/val_samples_per_second":69.976,"test/runtime":4.3148,"eval/ece":0.32545480132102966,"test/samples_per_second":69.296}