{"train_steps_per_second":5.814,"train/grad_norm":0.00047726836055517197,"eval/nll":3.2811777591705322,"train_runtime":5160.0369,"test/nll":3.2811777591705322,"train/loss":0,"test/ece":0.22959794104099274,"test/accuracy":0.7638603448867798,"train/val_accuracy":0.7638603448867798,"eval/ece":0.22959794104099274,"total_flos":0,"eval/accuracy":0.7638603448867798,"_wandb":{"runtime":10338},"train/val_steps_per_second":17.752,"test/runtime":13.7813,"eval/samples_per_second":72.094,"train/val_loss":3.2811777591705322,"train/val_samples_per_second":70.861,"_runtime":10338,"train_samples_per_second":23.256,"_step":3037,"test/samples_per_second":70.675,"eval/loss":3.2811777591705322,"eval/steps_per_second":18.061,"train/val_ece":0.22959794104099274,"test/loss":3.2811777591705322,"_timestamp":1.7745769931933708e+09,"train_loss":0.21437399795582487,"eval/runtime":13.5101,"train/global_step":30000,"train/val_runtime":13.7453,"test/steps_per_second":17.705,"train/epoch":13.686131386861314,"train/learning_rate":1.3726079162168503e-13,"train/val_nll":3.2811777591705322}