{"total_flos":0,"train/loss":0.0004,"eval/runtime":6.8643,"train/val_samples_per_second":69.11,"test/nll":1.475460171699524,"eval/samples_per_second":72.841,"train/val_nll":1.475460171699524,"train/learning_rate":1.2190283144031256e-12,"train/val_steps_per_second":17.278,"_step":1035,"train_samples_per_second":23.157,"eval/accuracy":0.8159999847412109,"test/loss":1.475460171699524,"train/val_loss":1.475460171699524,"train_runtime":1741.143,"test/steps_per_second":17.832,"eval/loss":1.475460171699524,"_wandb":{"runtime":3530},"_timestamp":1.774633715245e+09,"eval/nll":1.475460171699524,"test/ece":0.1740758866071701,"train_steps_per_second":5.789,"test/runtime":7.0098,"train/val_accuracy":0.8159999847412109,"train/global_step":10080,"train/grad_norm":0.005625471938401461,"eval/ece":0.1740758866071701,"train_loss":0.29174524421540565,"train/val_runtime":7.2348,"train/epoch":8.129032258064516,"_runtime":3530,"test/accuracy":0.8159999847412109,"eval/steps_per_second":18.21,"test/samples_per_second":71.329,"train/val_ece":0.1740758866071701}