{"_wandb":{"runtime":3815},"train/val_steps_per_second":17.536,"train/global_step":10080,"train/val_loss":4.7299065589904785,"train_loss":0.09655439175694788,"test/accuracy":0.6822742223739624,"eval/samples_per_second":70.868,"test/nll":4.72990608215332,"test/loss":4.7299065589904785,"train/learning_rate":1.2190283144031256e-12,"train/val_ece":0.31142690777778625,"total_flos":0,"train/loss":0,"train_samples_per_second":21.704,"train/val_nll":4.72990608215332,"_timestamp":1.7752806093788505e+09,"eval/steps_per_second":17.776,"train_runtime":1857.7343,"train/grad_norm":2.273745622005663e-06,"test/steps_per_second":17.42,"eval/nll":4.72990608215332,"train/val_accuracy":0.6822742223739624,"eval/accuracy":0.6822742223739624,"test/ece":0.31142690777778625,"test/samples_per_second":69.448,"eval/runtime":4.2191,"_runtime":3815,"eval/loss":4.7299065589904785,"eval/ece":0.31142690777778625,"train/epoch":36,"train_steps_per_second":5.426,"train/val_runtime":4.277,"test/runtime":4.3054,"train/val_samples_per_second":69.909,"_step":1089}