{"train/loss":0,"eval/loss":3.2811777591705322,"eval/runtime":13.4703,"eval/samples_per_second":72.307,"train/val_samples_per_second":70.345,"test/nll":3.2811777591705322,"_timestamp":1.7746081848142323e+09,"eval/nll":3.2811777591705322,"test/ece":0.22959794104099274,"test/runtime":13.9126,"eval/ece":0.22959794104099274,"eval/steps_per_second":18.114,"test/accuracy":0.7638603448867798,"train/val_steps_per_second":17.622,"test/steps_per_second":17.538,"train/val_nll":3.2811777591705322,"train/val_loss":3.2811777591705322,"train/val_runtime":13.846,"train_samples_per_second":23.004,"train/learning_rate":1.3726079162168503e-13,"train/global_step":30000,"train/val_accuracy":0.7638603448867798,"train_loss":0.21437399795582487,"train/epoch":13.686131386861314,"total_flos":0,"_runtime":10422,"train_runtime":5216.4713,"eval/accuracy":0.7638603448867798,"train/val_ece":0.22959794104099274,"train_steps_per_second":5.751,"test/samples_per_second":70.009,"_step":3037,"train/grad_norm":0.00047726836055517197,"_wandb":{"runtime":10422},"test/loss":3.2811777591705322}