{"train_steps_per_second":5.434,"train/val_steps_per_second":17.35,"test/runtime":4.2769,"eval/steps_per_second":17.329,"_step":1089,"eval/loss":4.779723167419434,"test/loss":4.779723167419434,"eval/nll":4.779723167419434,"train/val_nll":4.779723167419434,"test/steps_per_second":17.536,"eval/runtime":4.3279,"eval/ece":0.2971249520778656,"train_runtime":1855.0411,"train/epoch":36,"test/samples_per_second":69.91,"train/loss":0,"eval/accuracy":0.692307710647583,"total_flos":0,"train_loss":0.10178949463376684,"test/ece":0.2971249520778656,"_timestamp":1.774558956602122e+09,"train/val_runtime":4.3227,"eval/samples_per_second":69.087,"_wandb":{"runtime":3809},"train_samples_per_second":21.735,"train/learning_rate":1.2190283144031256e-12,"train/grad_norm":1.0356222446716856e-05,"test/nll":4.779723167419434,"train/val_ece":0.2971249520778656,"train/val_loss":4.779723167419434,"_runtime":3809,"train/val_accuracy":0.692307710647583,"test/accuracy":0.692307710647583,"train/val_samples_per_second":69.17,"train/global_step":10080}