{"train/val_samples_per_second":68.432,"eval/steps_per_second":17.91,"test/nll":1.475460171699524,"train_steps_per_second":5.738,"test/steps_per_second":17.813,"train/global_step":10080,"eval/runtime":6.9793,"test/samples_per_second":71.251,"test/ece":0.1740758866071701,"eval/loss":1.475460171699524,"eval/samples_per_second":71.64,"train/val_accuracy":0.8159999847412109,"train/val_ece":0.1740758866071701,"eval/ece":0.1740758866071701,"test/runtime":7.0174,"_step":1035,"train_loss":0.29174524421540565,"_wandb":{"runtime":3559},"train/val_steps_per_second":17.108,"_runtime":3559,"total_flos":0,"train/val_nll":1.475460171699524,"train/grad_norm":0.005625471938401461,"train/epoch":8.129032258064516,"eval/nll":1.475460171699524,"train/val_runtime":7.3065,"train/loss":0.0004,"test/loss":1.475460171699524,"train_runtime":1756.7152,"test/accuracy":0.8159999847412109,"eval/accuracy":0.8159999847412109,"train/learning_rate":1.2190283144031256e-12,"train_samples_per_second":22.952,"_timestamp":1.7746301236487818e+09,"train/val_loss":1.475460171699524}