{"test/loss":2.6002488136291504,"train/val_loss":2.6002488136291504,"train/learning_rate":1.2190283144031256e-12,"train/global_step":10080,"eval/loss":2.6002488136291504,"_timestamp":1.774223273336334e+09,"train/val_ece":0.30719247460365295,"eval/ece":0.30719247460365295,"train_samples_per_second":25.578,"train/val_steps_per_second":20.94,"test/steps_per_second":20.833,"train_runtime":1576.366,"test/accuracy":0.6660000085830688,"eval/steps_per_second":21.296,"test/runtime":6.0001,"eval/runtime":5.8697,"train/epoch":8.129032258064516,"_step":1035,"train/val_nll":2.6002488136291504,"train/grad_norm":0.02058456465601921,"eval/nll":2.6002488136291504,"test/nll":2.6002488136291504,"_runtime":3435,"train_steps_per_second":6.394,"eval/accuracy":0.6660000085830688,"_wandb":{"runtime":3435},"eval/samples_per_second":85.183,"test/samples_per_second":83.332,"total_flos":0,"train/val_runtime":5.9694,"train_loss":0.5265341064837273,"train/val_samples_per_second":83.761,"train/val_accuracy":0.6660000085830688,"train/loss":0.1254,"test/ece":0.30719247460365295}