{"test/loss":4.779723167419434,"eval/ece":0.2971249520778656,"train/val_nll":4.779723167419434,"total_flos":0,"train_samples_per_second":21.516,"test/ece":0.2971249520778656,"train/loss":0,"train/learning_rate":1.2190283144031256e-12,"train_steps_per_second":5.379,"_runtime":3841,"eval/steps_per_second":17.745,"train/val_runtime":4.2909,"_step":1089,"test/steps_per_second":17.39,"train/val_ece":0.2971249520778656,"test/accuracy":0.692307710647583,"train_loss":0.10178949463376684,"test/nll":4.779723167419434,"train/val_accuracy":0.692307710647583,"train/global_step":10080,"eval/accuracy":0.692307710647583,"train/val_samples_per_second":69.682,"train_runtime":1873.9809,"train/val_loss":4.779723167419434,"train/grad_norm":1.0356222446716856e-05,"_wandb":{"runtime":3841},"eval/loss":4.779723167419434,"eval/samples_per_second":70.742,"eval/nll":4.779723167419434,"eval/runtime":4.2266,"_timestamp":1.774640068080101e+09,"test/runtime":4.3127,"test/samples_per_second":69.33,"train/epoch":36,"train/val_steps_per_second":17.479}