{"eval/nll":4.178630352020264,"eval/samples_per_second":82.866,"test/accuracy":0.6160164475440979,"test/nll":4.178630352020264,"train/val_ece":0.3654025197029114,"eval/runtime":11.7539,"eval/ece":0.3654025197029114,"train_loss":0.3959056536858407,"train/grad_norm":0.005636375863105059,"train_steps_per_second":6.617,"train/loss":0.0644,"total_flos":0,"train_runtime":4533.6023,"eval/steps_per_second":20.759,"train/global_step":30000,"test/loss":4.178630828857422,"train/val_steps_per_second":20.36,"eval/accuracy":0.6160164475440979,"train/epoch":13.686131386861314,"train_samples_per_second":26.469,"test/ece":0.3654025197029114,"train/val_runtime":11.984,"train/val_samples_per_second":81.275,"_step":3037,"test/runtime":11.9667,"eval/loss":4.178630828857422,"_wandb":{"runtime":9826},"_timestamp":1.774770935050073e+09,"test/steps_per_second":20.39,"train/val_accuracy":0.6160164475440979,"train/val_nll":4.178630352020264,"_runtime":9826,"train/val_loss":4.178630828857422,"train/learning_rate":1.3726079162168503e-13,"test/samples_per_second":81.392}