{"train/val_steps_per_second":17.843,"train/global_step":30000,"train/epoch":13.686131386861314,"train/learning_rate":1.3726079162168503e-13,"_wandb":{"runtime":10447},"_timestamp":1.7752964289431553e+09,"train/grad_norm":5.51268431081553e-06,"_step":3037,"train_loss":0.20828452853145843,"train/loss":0,"eval/runtime":13.6228,"eval/ece":0.21676746010780334,"train_runtime":5175.9303,"train/val_accuracy":0.7751539945602417,"eval/nll":3.280728340148926,"train/val_samples_per_second":71.225,"train/val_nll":3.280728340148926,"test/loss":3.280728578567505,"_runtime":10447,"test/runtime":13.7663,"eval/loss":3.280728578567505,"train_samples_per_second":23.184,"train_steps_per_second":5.796,"train/val_loss":3.280728578567505,"train/val_runtime":13.675,"test/steps_per_second":17.724,"eval/samples_per_second":71.498,"total_flos":0,"test/nll":3.280728340148926,"eval/accuracy":0.7751539945602417,"test/ece":0.21676746010780334,"test/accuracy":0.7751539945602417,"train/val_ece":0.21676746010780334,"eval/steps_per_second":17.911,"test/samples_per_second":70.752}