{"eval/steps_per_second":21.417,"_wandb":{"runtime":3244},"eval/ece":0.30719247460365295,"train/learning_rate":1.2190283144031256e-12,"train/val_nll":2.6002488136291504,"train_loss":0.5265341064837273,"total_flos":0,"eval/accuracy":0.6660000085830688,"train_samples_per_second":27.269,"train/val_runtime":5.9588,"_step":1035,"train/loss":0.1254,"test/accuracy":0.6660000085830688,"test/samples_per_second":83.9,"train_runtime":1478.5985,"_timestamp":1.7742165250461638e+09,"test/runtime":5.9595,"test/steps_per_second":20.975,"train/epoch":8.129032258064516,"eval/samples_per_second":85.668,"train/global_step":10080,"_runtime":3244,"train/grad_norm":0.02058456465601921,"train/val_ece":0.30719247460365295,"train/val_steps_per_second":20.978,"eval/loss":2.6002488136291504,"eval/runtime":5.8365,"train/val_samples_per_second":83.91,"eval/nll":2.6002488136291504,"train/val_loss":2.6002488136291504,"test/nll":2.6002488136291504,"train/val_accuracy":0.6660000085830688,"test/ece":0.30719247460365295,"train_steps_per_second":6.817,"test/loss":2.6002488136291504}