{"test/ece":0.2971249520778656,"eval/loss":4.779723167419434,"train/learning_rate":1.2190283144031256e-12,"test/nll":4.779723167419434,"eval/steps_per_second":17.425,"train/grad_norm":1.0356222446716856e-05,"eval/runtime":4.3043,"train/val_samples_per_second":69.194,"eval/nll":4.779723167419434,"test/accuracy":0.692307710647583,"eval/accuracy":0.692307710647583,"train/val_ece":0.2971249520778656,"train/val_nll":4.779723167419434,"train/val_accuracy":0.692307710647583,"train_runtime":1912.9025,"train_samples_per_second":21.078,"eval/ece":0.2971249520778656,"test/runtime":4.2834,"train/loss":0,"test/loss":4.779723167419434,"train/val_runtime":4.3212,"_step":1089,"test/steps_per_second":17.509,"_wandb":{"runtime":3944},"train/val_loss":4.779723167419434,"train/epoch":36,"test/samples_per_second":69.804,"train_loss":0.10178949463376684,"train_steps_per_second":5.269,"_runtime":3944,"_timestamp":1.7746520843345442e+09,"train/global_step":10080,"train/val_steps_per_second":17.356,"eval/samples_per_second":69.466,"total_flos":0}