{"test/loss":7.469650745391846,"total_flos":0,"train/val_runtime":3.6277,"eval/samples_per_second":83.899,"train/val_loss":7.469650745391846,"eval/runtime":3.5638,"train/val_nll":7.469650745391846,"eval/ece":0.4674781560897827,"_step":1089,"train/grad_norm":6.659857899649069e-05,"test/ece":0.4674781560897827,"train_samples_per_second":24.19,"test/samples_per_second":81.133,"_wandb":{"runtime":3612},"train/val_steps_per_second":20.674,"train_steps_per_second":6.047,"eval/steps_per_second":21.045,"eval/loss":7.469650745391846,"eval/nll":7.469650745391846,"test/nll":7.469650745391846,"train/val_samples_per_second":82.42,"train_loss":0.18707955055922784,"train_runtime":1666.8169,"eval/accuracy":0.5150501728057861,"test/steps_per_second":20.351,"_timestamp":1.7742223073117294e+09,"test/runtime":3.6853,"train/loss":0,"_runtime":3612,"train/learning_rate":1.2190283144031256e-12,"train/epoch":36,"test/accuracy":0.5150501728057861,"train/global_step":10080,"train/val_ece":0.4674781560897827,"train/val_accuracy":0.5150501728057861}