{"eval/accuracy":0.5150501728057861,"test/steps_per_second":20.494,"train_runtime":1591.6518,"train/val_accuracy":0.5150501728057861,"test/nll":7.469650745391846,"train_samples_per_second":25.332,"test/loss":7.469650745391846,"_runtime":3492,"test/ece":0.4674781560897827,"_step":1089,"train/global_step":10080,"test/accuracy":0.5150501728057861,"train/epoch":36,"test/samples_per_second":81.703,"eval/runtime":3.5851,"eval/nll":7.469650745391846,"train_loss":0.18707955055922784,"_wandb":{"runtime":3492},"train/val_nll":7.469650745391846,"train/grad_norm":6.659857899649069e-05,"train/val_samples_per_second":82.017,"train/loss":0,"train_steps_per_second":6.333,"train/learning_rate":1.2190283144031256e-12,"total_flos":0,"train/val_steps_per_second":20.573,"train/val_runtime":3.6456,"eval/samples_per_second":83.4,"eval/steps_per_second":20.92,"eval/ece":0.4674781560897827,"train/val_ece":0.4674781560897827,"test/runtime":3.6596,"eval/loss":7.469650745391846,"train/val_loss":7.469650745391846,"_timestamp":1.774211673837415e+09}