{"test/runtime":3.7231,"test/accuracy":0.5150501728057861,"test/loss":7.469650745391846,"train/val_ece":0.4674781560897827,"_step":1089,"_wandb":{"runtime":3638},"train/val_runtime":3.6864,"train_loss":0.18707955055922784,"eval/steps_per_second":20.381,"eval/samples_per_second":81.25,"train/val_nll":7.469650745391846,"train/val_samples_per_second":81.109,"train/val_loss":7.469650745391846,"eval/ece":0.4674781560897827,"train_samples_per_second":24.972,"train/epoch":36,"_runtime":3638,"test/ece":0.4674781560897827,"train_steps_per_second":6.243,"eval/nll":7.469650745391846,"total_flos":0,"train/val_accuracy":0.5150501728057861,"eval/accuracy":0.5150501728057861,"test/steps_per_second":20.145,"train/learning_rate":1.2190283144031256e-12,"eval/runtime":3.68,"train/global_step":10080,"eval/loss":7.469650745391846,"train/val_steps_per_second":20.345,"train/grad_norm":6.659857899649069e-05,"_timestamp":1.7747169068464425e+09,"test/nll":7.469650745391846,"test/samples_per_second":80.31,"train/loss":0,"train_runtime":1614.6263}