{"eval/loss":4.992733955383301,"eval/accuracy":0.6722407937049866,"train/val_nll":4.992733955383301,"test/loss":4.992733955383301,"train/val_samples_per_second":69.178,"train_steps_per_second":5.406,"test/runtime":4.3214,"train_runtime":1864.7057,"train/epoch":36,"_step":1089,"train/loss":0,"eval/steps_per_second":17.682,"train/learning_rate":1.2190283144031256e-12,"test/nll":4.992733955383301,"train_loss":0.10253288217455575,"train/val_ece":0.3273576498031616,"train/val_loss":4.992733955383301,"train/global_step":10080,"eval/runtime":4.2416,"train/val_accuracy":0.6722407937049866,"total_flos":0,"test/accuracy":0.6722407937049866,"train_samples_per_second":21.623,"train/grad_norm":5.2810224588029087e-05,"test/samples_per_second":69.191,"_timestamp":1.775269099023004e+09,"test/steps_per_second":17.356,"_wandb":{"runtime":3840},"test/ece":0.3273576498031616,"_runtime":3840,"train/val_runtime":4.3222,"eval/nll":4.992733955383301,"eval/samples_per_second":70.493,"eval/ece":0.3273576498031616,"train/val_steps_per_second":17.352}