{"_wandb":{"runtime":3295},"eval/loss":2.6002488136291504,"test/accuracy":0.6660000085830688,"train/val_accuracy":0.6660000085830688,"test/nll":2.6002488136291504,"_step":1035,"_runtime":3295,"train/val_nll":2.6002488136291504,"train_runtime":1500.4198,"eval/samples_per_second":83.619,"train_loss":0.5265341064837273,"train/val_runtime":6.1046,"train/learning_rate":1.2190283144031256e-12,"train/val_steps_per_second":20.476,"train_samples_per_second":26.872,"train/val_loss":2.6002488136291504,"train/epoch":8.129032258064516,"eval/nll":2.6002488136291504,"train_steps_per_second":6.718,"train/global_step":10080,"test/loss":2.6002488136291504,"total_flos":0,"test/steps_per_second":20.564,"test/runtime":6.0787,"test/samples_per_second":82.255,"eval/ece":0.30719247460365295,"eval/steps_per_second":20.905,"train/val_samples_per_second":81.905,"eval/runtime":5.9795,"_timestamp":1.77477453892476e+09,"train/loss":0.1254,"train/grad_norm":0.02058456465601921,"train/val_ece":0.30719247460365295,"test/ece":0.30719247460365295,"eval/accuracy":0.6660000085830688}