{"test/samples_per_second":16.793,"eval/loss":0.23044827580451965,"_step":47,"eval/nll":0.23044827580451965,"train/val_accuracy":1,"train/epoch":16.666666666666668,"train/val_steps_per_second":16.657,"eval/ece":0.20582246780395508,"train/grad_norm":10.60322093963623,"_wandb":{"runtime":69},"test/nll":0.23044827580451965,"eval/samples_per_second":17.055,"test/runtime":0.0596,"train/global_step":50,"total_flos":0,"train/learning_rate":1.4831583923104999e-05,"train/val_runtime":0.06,"train_loss":1.0001488304138184,"test/loss":0.23044827580451965,"_timestamp":1.7752418671319065e+09,"train_steps_per_second":2.615,"train_runtime":19.1187,"train/val_loss":0.23044827580451965,"eval/runtime":0.0586,"eval/steps_per_second":17.055,"train/val_nll":0.23044827580451965,"test/ece":0.20582246780395508,"train/loss":0.9344,"train_samples_per_second":10.461,"_runtime":69,"train/val_ece":0.20582246780395508,"eval/accuracy":1,"test/steps_per_second":16.793,"train/val_samples_per_second":16.657,"test/accuracy":1}