{"test/loss":4.779723167419434,"test/accuracy":0.692307710647583,"eval/nll":4.779723167419434,"eval/runtime":4.1771,"train/epoch":36,"_step":1089,"train_steps_per_second":5.471,"train/val_steps_per_second":17.513,"train/val_samples_per_second":69.817,"eval/loss":4.779723167419434,"train/learning_rate":1.2190283144031256e-12,"total_flos":0,"train_samples_per_second":21.882,"train_runtime":1842.6028,"eval/samples_per_second":71.581,"test/steps_per_second":17.632,"train_loss":0.10178949463376684,"eval/accuracy":0.692307710647583,"_wandb":{"runtime":3803},"train/val_loss":4.779723167419434,"test/samples_per_second":70.291,"train/grad_norm":1.0356222446716856e-05,"train/val_nll":4.779723167419434,"test/ece":0.2971249520778656,"train/val_ece":0.2971249520778656,"train/loss":0,"_timestamp":1.7745627819662688e+09,"test/nll":4.779723167419434,"_runtime":3803,"test/runtime":4.2537,"train/val_runtime":4.2826,"eval/ece":0.2971249520778656,"train/val_accuracy":0.692307710647583,"eval/steps_per_second":17.955,"train/global_step":10080}