{"_wandb":{"runtime":3993},"eval/ece":0.2971249520778656,"_step":1089,"train/val_nll":4.779723167419434,"train/val_accuracy":0.692307710647583,"eval/nll":4.779723167419434,"test/accuracy":0.692307710647583,"train/val_ece":0.2971249520778656,"test/runtime":4.2437,"total_flos":0,"train/val_loss":4.779723167419434,"train/learning_rate":1.2190283144031256e-12,"train/val_samples_per_second":70.712,"train_loss":0.10178949463376684,"_runtime":3993,"train/global_step":10080,"eval/loss":4.779723167419434,"test/ece":0.2971249520778656,"train_steps_per_second":5.282,"train/grad_norm":1.0356222446716856e-05,"test/steps_per_second":17.673,"eval/samples_per_second":71.027,"train_runtime":1908.4015,"train/val_steps_per_second":17.737,"test/loss":4.779723167419434,"train/loss":0,"eval/accuracy":0.692307710647583,"train/val_runtime":4.2284,"train_samples_per_second":21.128,"test/nll":4.779723167419434,"test/samples_per_second":70.457,"train/epoch":36,"eval/steps_per_second":17.816,"eval/runtime":4.2097,"_timestamp":1.774648125777966e+09}