{"eval/loss":4.178630828857422,"_runtime":9869,"test/nll":4.178630352020264,"_step":3037,"train/val_accuracy":0.6160164475440979,"train/val_steps_per_second":20.616,"test/samples_per_second":81.58,"train/loss":0.0644,"train/val_nll":4.178630352020264,"_timestamp":1.7747610876421714e+09,"eval/accuracy":0.6160164475440979,"eval/steps_per_second":20.982,"test/steps_per_second":20.437,"eval/runtime":11.6288,"test/runtime":11.9392,"train/grad_norm":0.005636375863105059,"test/loss":4.178630828857422,"train/learning_rate":1.3726079162168503e-13,"_wandb":{"runtime":9869},"train/val_runtime":11.8353,"eval/ece":0.3654025197029114,"train_steps_per_second":6.588,"train/val_loss":4.178630828857422,"total_flos":0,"train/val_samples_per_second":82.297,"train_runtime":4553.9499,"train_loss":0.3959056536858407,"train/global_step":30000,"test/accuracy":0.6160164475440979,"train_samples_per_second":26.351,"eval/nll":4.178630352020264,"test/ece":0.3654025197029114,"train/val_ece":0.3654025197029114,"train/epoch":13.686131386861314,"eval/samples_per_second":83.757}