{"train/global_step":30000,"eval/steps_per_second":18.032,"train_samples_per_second":22.992,"test/runtime":13.7344,"train_loss":0.21437399795582487,"eval/nll":3.2811777591705322,"train_steps_per_second":5.748,"eval/accuracy":0.7638603448867798,"_timestamp":1.7746553884160817e+09,"train/learning_rate":1.3726079162168503e-13,"_wandb":{"runtime":10446},"train_runtime":5219.159,"train/val_samples_per_second":71.06,"train/val_loss":3.2811777591705322,"test/nll":3.2811777591705322,"total_flos":0,"train/grad_norm":0.00047726836055517197,"train/val_accuracy":0.7638603448867798,"eval/samples_per_second":71.981,"test/steps_per_second":17.766,"train/val_ece":0.22959794104099274,"eval/runtime":13.5314,"train/val_runtime":13.7066,"eval/loss":3.2811777591705322,"train/val_steps_per_second":17.802,"_step":3037,"_runtime":10446,"test/loss":3.2811777591705322,"test/ece":0.22959794104099274,"train/val_nll":3.2811777591705322,"test/samples_per_second":70.917,"train/epoch":13.686131386861314,"train/loss":0,"eval/ece":0.22959794104099274,"test/accuracy":0.7638603448867798}