{"train/epoch":8.129032258064516,"eval/steps_per_second":17.856,"train/grad_norm":0.014761331491172314,"train/global_step":10080,"train_samples_per_second":22.421,"eval/accuracy":0.8140000104904175,"train/val_runtime":7.1412,"eval/nll":1.350165843963623,"_timestamp":1.7752854752324224e+09,"eval/loss":1.3501657247543335,"_runtime":3623,"eval/ece":0.17653709650039673,"train/val_accuracy":0.8140000104904175,"test/samples_per_second":69.264,"test/steps_per_second":17.316,"eval/runtime":7.0003,"test/ece":0.17653709650039673,"train_runtime":1798.2885,"train/val_steps_per_second":17.504,"train/val_nll":1.350165843963623,"train/loss":0.0277,"train/val_loss":1.3501657247543335,"_wandb":{"runtime":3623},"train_steps_per_second":5.605,"train/val_samples_per_second":70.016,"_step":1035,"train_loss":0.27716952672739614,"eval/samples_per_second":71.426,"test/accuracy":0.8140000104904175,"test/loss":1.3501657247543335,"train/learning_rate":1.2190283144031256e-12,"test/nll":1.350165843963623,"train/val_ece":0.17653709650039673,"test/runtime":7.2187,"total_flos":0}