{"train/grad_norm":6.659857899649069e-05,"_step":1089,"_runtime":3471,"train_runtime":1580.7824,"test/steps_per_second":20.439,"eval/nll":7.469650745391846,"train/loss":0,"train/val_ece":0.4674781560897827,"train/learning_rate":1.2190283144031256e-12,"test/loss":7.469650745391846,"train_samples_per_second":25.506,"eval/steps_per_second":20.888,"_timestamp":1.7742151583888783e+09,"train_steps_per_second":6.377,"_wandb":{"runtime":3471},"train/val_runtime":3.6544,"train/val_samples_per_second":81.82,"train/val_nll":7.469650745391846,"eval/ece":0.4674781560897827,"train/val_accuracy":0.5150501728057861,"test/accuracy":0.5150501728057861,"eval/loss":7.469650745391846,"eval/runtime":3.5906,"train/epoch":36,"total_flos":0,"train/global_step":10080,"test/runtime":3.6695,"train_loss":0.18707955055922784,"test/samples_per_second":81.483,"train/val_steps_per_second":20.523,"test/ece":0.4674781560897827,"train/val_loss":7.469650745391846,"eval/accuracy":0.5150501728057861,"eval/samples_per_second":83.273,"test/nll":7.469650745391846}