{"train_samples_per_second":22.173,"test/loss":1.475460171699524,"eval/loss":1.475460171699524,"eval/steps_per_second":18.062,"train/loss":0.0004,"train/learning_rate":1.2190283144031256e-12,"_wandb":{"runtime":3627},"train/val_samples_per_second":71.165,"train/val_nll":1.475460171699524,"_step":1035,"eval/accuracy":0.8159999847412109,"train/val_ece":0.1740758866071701,"train/val_runtime":7.026,"train_steps_per_second":5.543,"eval/samples_per_second":72.25,"test/accuracy":0.8159999847412109,"test/runtime":7.0142,"train/grad_norm":0.005625471938401461,"train/val_accuracy":0.8159999847412109,"test/nll":1.475460171699524,"eval/ece":0.1740758866071701,"train_loss":0.29174524421540565,"train/epoch":8.129032258064516,"train/global_step":10080,"_runtime":3627,"total_flos":0,"train/val_steps_per_second":17.791,"train/val_loss":1.475460171699524,"test/ece":0.1740758866071701,"test/samples_per_second":71.284,"_timestamp":1.7746017980429595e+09,"train_runtime":1818.467,"test/steps_per_second":17.821,"eval/runtime":6.9204,"eval/nll":1.475460171699524}