{"test/accuracy":0.5150501728057861,"test/loss":7.469650745391846,"train_steps_per_second":6.188,"train_loss":0.18707955055922784,"test/samples_per_second":79.432,"test/runtime":3.7642,"train/epoch":36,"_wandb":{"runtime":3608},"train/grad_norm":6.659857899649069e-05,"train/loss":0,"eval/accuracy":0.5150501728057861,"train/val_nll":7.469650745391846,"train/learning_rate":1.2190283144031256e-12,"test/ece":0.4674781560897827,"_timestamp":1.7747205450068436e+09,"train/val_ece":0.4674781560897827,"eval/samples_per_second":80.451,"train_runtime":1629.0494,"eval/runtime":3.7166,"eval/nll":7.469650745391846,"eval/loss":7.469650745391846,"train/val_runtime":3.7499,"test/nll":7.469650745391846,"eval/ece":0.4674781560897827,"train/val_accuracy":0.5150501728057861,"eval/steps_per_second":20.18,"train/global_step":10080,"train/val_samples_per_second":79.735,"_runtime":3608,"test/steps_per_second":19.924,"total_flos":0,"train/val_steps_per_second":20,"_step":1089,"train/val_loss":7.469650745391846,"train_samples_per_second":24.751}