{"test/steps_per_second":17.749,"_timestamp":1.774665856663527e+09,"test/accuracy":0.7638603448867798,"train_steps_per_second":5.772,"eval/samples_per_second":71.739,"train/loss":0,"eval/steps_per_second":17.972,"train/val_ece":0.22959794104099274,"eval/ece":0.22959794104099274,"train/val_steps_per_second":17.711,"train/grad_norm":0.00047726836055517197,"test/runtime":13.7472,"eval/runtime":13.577,"eval/nll":3.2811777591705322,"train/val_accuracy":0.7638603448867798,"train/learning_rate":1.3726079162168503e-13,"test/samples_per_second":70.851,"test/nll":3.2811777591705322,"eval/accuracy":0.7638603448867798,"_runtime":10441,"test/loss":3.2811777591705322,"train/global_step":30000,"train_loss":0.21437399795582487,"total_flos":0,"train_runtime":5197.8164,"train/epoch":13.686131386861314,"train/val_nll":3.2811777591705322,"eval/loss":3.2811777591705322,"train/val_loss":3.2811777591705322,"test/ece":0.22959794104099274,"train/val_samples_per_second":70.698,"train/val_runtime":13.777,"_step":3037,"_wandb":{"runtime":10441},"train_samples_per_second":23.087}